actual,predicted
306.17,270.79318
158.76,163.91626
200.0,217.23495
320.0,329.21628
215.46,194.70837
192.5,200.26399
124.74,134.87483
207.5,222.70685
157.5,154.8021
163.29,185.28915
205.0,221.64642
151.95,166.75726
127.0,131.7038
263.08,270.39682
227.5,230.82869
80.0,115.23112
147.42,132.13448
120.2,143.54375
155.0,128.45415
204.12,192.22044
235.0,259.83807
127.5,111.22221
160.0,173.75607
140.0,142.04869
158.76,147.67188
205.0,217.96115
162.5,163.38046
235.0,231.45818
115.0,129.75502
251.74,274.3183
252.5,260.58795
136.08,194.88165
83.91,79.29255
147.5,153.44469
251.74,232.62903
107.5,122.57646
92.5,123.48289
287.5,290.55698
170.0,227.20963
130.0,121.37698
242.5,250.17099
135.0,139.44093
200.0,205.32895
202.5,195.45665
237.5,218.43234
137.5,130.57079
215.0,219.60811
327.5,310.0867
217.5,216.89491
215.0,247.44815
145.0,118.13202
195.0,221.03096
270.0,259.82993
140.0,131.50975
132.5,135.47095
174.63,197.04231
197.5,181.20964
170.0,188.08505
238.14,242.13779
195.04,192.51926
175.0,194.67245
185.0,158.20654
287.5,248.24559
137.5,111.257744
206.0,188.74844
127.01,141.65219
208.65,225.44597
154.2,176.95166
180.0,147.43892
210.0,215.04178
180.0,182.1721
152.5,130.20996
272.5,265.4857
190.0,207.1134
242.5,255.63026
210.0,184.25795
294.84,292.95834
210.0,206.58826
147.5,149.27502
235.0,235.8933
183.7,195.97762
145.0,165.68814
230.0,209.28432
195.0,185.48723
129.27,148.24141
227.5,230.21178
215.46,237.41972
150.0,151.06569
227.5,212.67392
192.78,197.06451
155.0,152.00838
170.0,162.35875
170.0,171.80124
250.0,266.0494
111.13,108.885376
185.97,144.25475
215.46,211.09749
115.0,133.00919
375.0,328.63892
182.5,182.58192
160.0,165.09772
230.0,239.8046
140.0,142.89917
190.0,167.98378
219.99,200.90292
197.5,215.39958
158.76,149.96571
262.5,244.147
185.0,156.92029
112.5,114.51578
127.5,128.2097
172.37,173.27884
190.51,203.32536
100.0,157.65965
185.0,177.34277
242.5,230.78664
142.88,146.75092
215.0,220.6403
200.0,206.10376
215.0,219.82603
245.0,267.60696
272.5,219.28204
130.0,134.24792
237.5,233.21185
287.5,271.21872
175.0,154.10648
199.58,213.60555
250.0,253.62614
190.0,199.43463
205.5,209.7134
235.0,254.67029
174.63,155.44429
242.5,264.41742
272.5,246.6421
165.0,153.64421
145.0,139.48042
137.5,103.62448
200.0,190.93736
167.5,168.18968
257.5,270.48984
163.29,163.53094
180.0,199.4917
199.58,210.24152
262.5,242.15182
190.51,193.06389
185.0,184.4426
200.0,211.81976
150.0,149.63425
136.08,120.1491
227.5,241.87605
267.5,252.33546
272.16,262.78177
162.5,180.87297
235.87,221.99219
127.5,138.38223
265.35,232.94609
322.5,311.17923
183.7,178.8568
147.42,166.29967
155.0,155.22571
272.5,259.5959
185.97,168.62323
227.5,259.4369
287.5,284.3807
200.0,189.87454
229.06,254.11205
174.63,151.05054
142.5,155.73279
195.04,173.06438
300.0,273.8899
215.46,221.37045
250.0,260.97598
249.48,243.78506
106.59,110.45052
280.0,245.25339
217.5,247.65497
275.0,285.24847
152.5,132.13947
202.5,195.9935
247.5,244.76288
183.7,191.82884
110.0,109.71553
92.99,111.5634
195.04,209.67097
255.0,245.4526
142.88,147.25859
230.0,246.38823
320.5,290.3991
142.5,152.54117
100.0,96.10957
150.0,130.5122
260.82,250.91165
132.5,145.8961
107.5,116.12627
200.0,214.37239
150.0,148.49417
225.0,217.88458
250.0,255.65437
230.0,248.11635
190.0,186.2982
185.0,164.98326
245.0,240.65816
270.0,279.57385
182.5,184.42776
204.12,222.98209
149.69,142.94772
220.0,215.90129
122.5,119.81487
75.0,160.35011
158.76,162.41147
183.7,176.95683
170.0,138.42186
161.03,149.02045
165.56,171.50421
86.18,103.207726
265.0,223.91449
263.08,275.30597
242.5,245.49315
232.5,229.56229
322.5,304.0539
230.0,235.63536
120.2,128.0677
202.5,186.52971
240.0,239.38228
233.6,189.24173
163.29,182.52727
182.5,158.07988
85.0,103.00118
238.14,220.82707
245.0,215.84361
210.0,232.71648
117.5,105.49563
254.01,252.5647
205.0,189.27019
195.0,216.18369
280.0,291.93982
247.21,243.35187
140.0,134.73056
137.5,130.04005
200.0,209.04817
182.5,194.087
192.5,163.98062
205.0,194.67056
287.5,295.62274
220.0,227.21121
192.78,209.95006
220.0,245.7009
132.5,123.39133
92.5,98.247314
147.42,166.1965
246.0,205.0057
192.5,181.5371
230.0,199.40779
142.5,144.61359
140.0,134.24632
165.0,178.82507
240.0,224.15027
95.0,104.04844
122.5,122.81299
145.15,132.80443
150.0,155.7313
122.5,129.11568
115.0,100.839745
115.67,93.455154
306.17,265.65756
215.0,215.86928
201.85,198.61472
104.3,118.45864
160.0,169.80771
235.0,238.4033
90.0,115.265945
258.55,246.7803
290.0,283.14075
285.0,287.87897
255.0,241.8189
245.0,253.79427
122.5,150.51164
197.31,197.41231
182.5,158.23283
120.0,103.85851
152.5,158.89937
129.27,143.08298
208.7,180.14389
131.54,118.727295
155.0,146.81221
127.01,110.45052
145.0,136.27301
147.42,137.83308
297.5,272.04596
207.5,223.7882
226.8,225.46234
310.0,264.8506
200.0,215.6346
272.5,245.14586
136.08,151.1957
162.5,165.93661
300.0,307.18787
167.5,155.82164
132.5,157.64609
220.0,238.03523
82.78,96.5612
230.0,206.09813
250.0,271.85812
327.5,300.9704
302.5,259.41937
252.5,234.9293
220.0,194.95796
105.0,114.985535
150.0,214.43549
135.0,148.88417
160.0,174.36374
160.0,183.74039
390.0,344.6545
205.0,219.22943
137.5,110.474045
240.4,199.40668
147.42,151.77513
282.5,254.43903
305.0,295.00085
150.0,123.21413
245.0,233.26884
182.5,175.5136
112.5,131.80318
192.78,180.76826
124.74,150.27615
202.5,222.22035
150.0,162.07663
230.0,241.95642
188.24,194.43144
227.5,256.16312
175.0,232.15257
127.01,138.28224
197.5,223.49422
102.5,113.72862
192.78,192.94366
131.54,105.51099
142.5,150.61945
237.5,199.87221
147.5,156.33678
156.49,170.64992
107.5,117.82831
200.0,218.18585
232.5,225.44522
208.65,206.6169
142.52,152.8123
100.0,110.74951
245.0,251.18472
120.0,129.75502
187.5,168.5708
100.0,97.1373
262.5,233.32884
175.0,177.45755
230.0,218.40031
113.4,118.940506
242.5,233.82903
162.5,159.51306
145.0,159.66603
162.5,151.7977
145.15,152.89792
86.18,99.16026
180.0,162.92958
181.44,178.52995
131.54,124.65638
210.0,222.18724
208.65,201.49687
145.0,132.60706
172.37,159.25264
155.0,139.71555
183.7,189.58475
127.5,113.23435
294.84,281.19086
224.53,265.75885
167.5,170.15195
200.0,203.16524
195.04,209.5908
162.5,155.83977
295.0,280.34204
202.5,206.98235
227.5,259.03864
157.5,145.99843
205.0,215.28235
317.5,305.55032
187.5,210.49728
185.0,192.46461
220.0,234.00978
195.0,217.58128
220.0,240.49287
190.0,173.41974
195.04,215.22661
340.19,311.2378
258.55,265.1784
175.0,168.26619
270.0,250.97818
145.15,158.29395
142.88,176.46698
235.0,243.38562
127.5,125.20061
200.0,214.00441
127.5,136.5078
220.0,289.36267
77.5,80.389175
250.0,237.32721
142.88,138.41583
265.0,216.8168
262.5,260.12234
232.5,259.77908
201.85,232.3528
238.14,254.20749
140.0,152.36194
181.44,176.59259
220.0,211.59743
112.5,119.92905
150.0,157.45015
277.5,278.19904
185.0,187.7709
182.5,221.45528
245.0,233.60277
217.27,239.61888
210.0,224.76338
112.5,123.42307
200.0,216.20148
165.56,165.47237
272.5,268.55978
122.5,132.0258
158.76,164.06654
240.0,229.74254
272.16,278.08572
332.5,285.13736
95.25,102.15309
220.0,236.53558
115.0,125.59396
195.0,176.21608
112.5,136.34819
137.5,138.51845
120.0,131.55997
137.5,141.14577
122.5,152.99211
290.06,282.04807
147.42,138.47662
165.0,162.44672
115.7,132.54941
237.5,258.00433
222.5,233.35156
215.0,241.48323
95.0,102.432205
210.0,200.58273
226.8,210.01173
362.5,309.90305
192.5,206.71652
282.5,266.02713
187.5,211.04912
192.5,198.98717
190.0,168.1193
227.5,231.28719
135.0,141.21254
120.0,129.49167
100.0,113.11423
207.5,222.49567
102.5,100.76968
222.26,231.99774
95.0,97.8804
217.72,209.80397
125.0,126.83108
165.56,177.33078
180.0,195.85367
187.5,210.2217
170.1,172.46881
230.0,206.60754
190.0,173.56465
210.0,198.95634
220.0,228.08403
220.0,219.21811
200.0,205.55994
192.5,203.08588
195.04,200.7767
227.5,256.5056
265.0,233.08575
142.5,147.7271
181.44,178.7783
206.38,223.90353
167.83,150.19139
183.7,212.26738
281.23,229.68451
226.8,241.97818
200.0,199.90486
158.76,147.77737
174.63,165.02138
170.1,173.68405
117.5,104.29026
188.24,171.55672
170.1,168.25713
192.5,183.55095
215.0,216.87518
177.5,177.4399
217.5,206.98799
182.5,168.55151
136.08,152.22824
200.0,211.37717
183.7,171.57796
197.5,197.55013
142.88,156.07523
230.0,237.4428
245.0,290.0708
112.5,114.143105
102.06,128.09097
140.0,115.56435
192.5,190.70525
165.56,188.64308
140.0,140.87161
165.56,172.87682
215.46,214.38614
105.0,120.67558
322.5,304.05722
136.08,166.77661
233.6,207.03036
172.37,180.13841
322.5,333.8028
227.5,217.4491
250.0,286.86823
145.0,158.97423
110.0,124.34216
145.0,131.63951
202.5,191.91708
200.0,193.82207
233.6,237.12178
129.27,137.08022
170.0,180.46574
200.0,175.44717
154.22,153.51596
302.5,262.04593
202.5,187.92424
206.38,213.97073
215.0,217.8919
185.0,189.27043
130.0,123.945755
187.5,186.19313
250.0,253.86804
220.0,203.07454
307.08,313.70615
255.0,243.40413
200.0,233.97774
227.5,233.59677
232.5,256.04202
207.5,185.44792
125.0,133.67188
212.5,213.55385
275.0,296.93323
215.46,204.48956
102.06,155.54585
240.0,244.6271
212.5,202.74919
131.54,104.268684
226.8,209.73433
115.67,130.17316
235.0,224.3937
272.16,248.76535
175.0,183.97128
176.9,156.03241
102.5,109.03563
163.29,176.16206
112.5,115.40161
117.93,114.885345
265.0,272.3699
272.16,298.57907
165.0,167.96895
201.85,200.72293
260.0,216.80324
240.0,236.4999
317.5,293.60727
145.0,147.93369
190.0,215.57443
342.51,297.36215
127.5,124.75526
252.5,246.77992
255.0,230.6405
202.5,206.41193
175.0,197.46193
117.93,116.54463
300.0,307.55817
130.0,128.66518
355.0,341.94116
305.0,298.79977
270.0,247.58372
120.0,132.21263
160.0,168.09079
129.27,137.14693
226.8,239.69016
154.22,154.22449
249.48,241.01236
192.78,211.43704
195.0,213.27542
181.44,196.11612
202.5,198.11874
112.5,89.92425
172.5,202.39731
202.5,208.5674
226.8,214.42981
177.5,193.31235
142.88,155.02525
190.0,203.71307
250.02,224.85634
280.0,273.3083
200.0,197.13219
258.55,206.16725
165.0,190.68893
312.5,288.27383
190.51,219.73029
215.46,262.79504
256.28,256.01614
222.5,226.86777
225.0,281.10162
242.5,230.11009
142.5,163.4188
167.5,146.89601
160.0,154.96313
140.0,145.97269
142.88,160.63927
192.5,189.9119
262.5,241.10771
212.5,214.32582
185.97,178.96103
210.0,216.78668
90.0,110.3653
287.5,283.03198
160.0,157.46155
202.5,214.20352
172.37,166.02267
156.49,160.70163
160.0,149.74532
183.7,189.37755
205.0,216.99663
287.5,281.76276
288.03,296.70108
163.29,151.65051
95.0,113.177925
240.0,234.2261
127.01,155.14339
222.5,202.22862
220.0,186.26144
162.5,143.53633
295.0,286.7204
267.5,245.40077
108.86,113.718956
307.5,294.00812
227.5,250.86064
205.0,224.27502
235.0,224.31912
142.88,143.16393
120.0,118.68539
127.5,144.62955
127.5,130.97736
220.0,179.50304
217.72,228.41467
185.0,176.73683
120.0,119.22185
220.0,201.64928
285.0,243.2778
185.0,217.30855
200.0,221.92451
132.5,169.04077
142.5,132.28354
122.5,105.001175
332.5,307.76538
235.87,227.187
142.5,132.90834
195.0,212.90608
320.0,298.12418
195.0,207.37027
260.0,236.77423
127.5,140.9353
181.44,216.37375
120.0,124.90337
230.0,218.07585
295.0,236.65297
217.5,225.13737
275.0,230.7272
204.12,211.45557
87.5,113.245964
150.0,183.59457
324.32,296.4041
160.0,155.16006
320.0,319.6203
149.69,163.22173
80.0,96.886345
297.5,293.71036
160.0,151.89792
190.51,163.79535
240.4,241.49895
120.0,109.16667
265.0,250.5182
182.5,166.43892
77.5,82.76488
252.5,257.7961
225.0,246.33405
275.0,264.11215
162.5,172.53558
190.51,196.28288
240.5,188.48259
205.0,194.89313
95.0,108.7718
187.5,197.64478
165.56,162.63704
302.5,266.82635
152.5,153.66853
207.5,248.03864
122.47,150.89754
158.8,143.06325
265.0,277.7691
172.37,181.3237
200.0,203.5587
215.0,207.18098
170.0,168.45023
107.5,121.93347
270.0,279.16428
204.12,210.8527
295.0,299.3662
145.0,128.68172
290.0,279.52945
142.5,132.60901
147.5,143.5084
190.51,207.10518
204.12,175.95969
104.33,101.66341
215.0,247.00192
105.0,133.94818
124.74,164.47954
240.0,234.4676
130.0,135.13199
242.5,285.47046
212.5,232.35818
120.0,125.572815
265.35,253.86311
102.5,90.6983
124.74,124.276375
150.0,132.63231
227.5,227.6879
235.0,248.81947
272.5,260.15793
170.0,167.50972
145.15,124.75662
160.0,155.4369
122.5,122.259926
81.65,97.07344
201.85,210.87958
245.0,269.77853
150.0,121.39788
272.5,287.3848
197.5,229.25938
215.0,205.73074
217.5,244.95566
60.0,74.96277
257.5,228.8403
230.0,224.34286
277.5,259.45526
225.0,249.0927
167.83,160.79079
145.0,130.46118
212.5,236.18555
177.5,184.82161
90.0,91.18644
132.5,125.2107
157.5,145.4063
127.01,137.99657
227.5,198.13396
242.5,244.29355
137.48,155.0559
137.5,134.59055
247.5,239.15103
201.85,187.78836
145.01,126.270035
240.0,226.38986
167.5,190.2658
172.5,172.27597
183.7,198.31828
155.0,156.17392
217.5,235.86876
80.0,138.3071
133.81,148.4554
222.3,197.42598
95.0,126.7275
120.02,141.568
204.12,201.81299
176.9,166.86517
210.0,192.15782
145.0,130.44582
182.5,208.52496
245.0,256.05334
140.0,139.12038
287.5,277.4657
137.5,143.71982
240.0,232.99553
125.0,117.28881
300.0,261.8312
250.0,213.37059
81.65,88.85666
151.95,154.53542
137.5,121.569
142.5,151.87297
247.5,268.10953
149.69,161.81897
142.88,166.78197
149.69,138.37212
182.5,193.16281
145.15,139.49652
283.5,263.0323
262.5,246.2101
197.5,215.90698
145.15,137.89822
154.2,128.56924
192.5,197.3748
300.0,279.29453
245.0,239.86076
283.5,289.87827
219.99,244.29228
225.0,225.54385
142.5,139.23254
117.5,99.8624
210.0,211.33037
249.48,252.93549
227.5,214.23274
117.93,147.64423
122.5,133.6982
245.0,259.10684
187.5,213.08511
122.5,125.92478
142.5,132.4495
235.0,239.13747
127.5,143.5979
199.58,231.45146
215.0,219.52657
167.5,187.52972
232.5,271.94345
154.22,169.44162
192.78,180.58699
147.5,138.14375
183.7,199.08739
192.78,182.8436
129.27,133.04106
237.5,248.87956
140.0,135.99203
215.46,202.16344
227.5,222.05669
272.5,259.49307
275.0,236.00273
247.5,227.25932
306.17,332.18484
262.5,263.50446
137.5,150.7356
185.0,161.67645
170.0,176.88284
303.9,303.32028
149.69,159.62709
230.0,219.50987
207.5,216.90181
192.5,168.64381
147.42,143.11882
245.0,234.319
282.5,296.98428
140.0,145.03456
120.0,132.88127
250.0,247.49123
245.0,240.23639
197.31,213.72052
272.16,281.0026
252.5,202.70941
272.5,257.85266
182.5,201.61072
122.47,117.05243
179.2,157.29594
320.0,326.29996
172.37,180.2139
181.44,188.2904
140.0,146.54327
219.99,197.22261
131.54,136.96005
240.0,255.26143
180.0,180.45847
129.27,127.62539
251.74,263.96246
145.0,155.68158
183.7,197.8735
158.76,160.08366
117.5,107.113434
208.65,219.9575
227.5,246.16455
249.48,216.26599
190.0,202.49419
229.06,207.58354
263.08,223.06384
207.5,190.93933
227.5,197.09813
100.0,88.83019
249.48,213.4715
247.5,222.82443
270.0,291.9434
174.63,197.1683
140.0,158.57019
117.5,129.86601
182.5,159.8621
158.76,176.09532
158.76,180.73152
140.0,114.81343
100.0,102.82386
262.5,259.99313
165.0,166.96628
142.88,161.85095
105.0,109.868515
227.5,230.88974
105.0,99.90537
200.0,202.55937
172.5,161.95596
207.5,199.57472
152.5,157.45612
145.0,154.44998
301.64,310.60098
175.0,147.68181
190.51,173.9898
183.7,220.7971
163.29,176.33871
165.0,146.03479
207.5,208.10004
124.74,123.22356
135.0,155.46597
137.5,133.89886
131.54,140.3984
310.0,288.86243
165.0,155.62975
102.5,116.64977
162.5,156.34216
274.42,225.48318
290.3,309.68933
235.0,235.75067
237.5,229.08661
117.5,136.887
142.88,135.3718
272.5,274.46207
158.76,179.70987
155.0,123.79087
135.0,145.78267
105.0,112.646164
230.0,200.25421
260.0,251.94691
272.5,295.98108
88.45,96.77229
324.32,325.15717
102.06,130.69304
200.0,220.26634
75.0,79.29208
142.5,148.10626
305.0,275.84598
250.0,249.102
197.31,202.24042
137.5,151.89134
290.0,278.0987
265.0,235.08678
108.86,112.20968
232.5,216.90237
245.0,205.21175
147.42,144.34076
274.42,295.66876
205.0,226.59644
138.3,140.09491
200.0,188.06715
210.0,195.80222
285.0,240.89386
130.0,111.2575
238.14,232.59303
201.85,211.58212
167.83,172.13785
83.91,128.08102
149.69,161.65036
158.76,165.19461
217.72,210.08844
195.0,202.81612
92.5,91.50281
226.8,230.68878
300.0,268.04117
150.0,171.39172
124.74,129.27087
230.0,245.59949
150.0,138.07132
92.5,78.70565
287.5,260.23294
136.08,125.00571
230.0,211.57388
175.0,168.24957
219.99,215.51074
340.0,327.1506
212.5,194.99428
215.0,189.09773
230.0,198.66693
130.0,146.41782
245.0,244.99638
217.5,193.6812
131.54,130.63051
155.0,136.8814
188.24,197.97299
140.0,172.59056
197.31,208.97594
147.5,126.220436
181.44,184.09177
225.0,212.7016
237.5,248.44626
131.54,120.97704
202.5,197.33864
107.5,113.49634
117.5,99.483955
215.0,240.84492
183.7,165.58163
185.0,202.35124
181.44,164.4814
220.0,222.29936
124.74,146.68332
220.0,229.29376
215.46,217.8923
100.0,117.11214
200.0,234.26064
202.5,181.33978
117.5,127.415596
215.0,225.12793
155.0,165.03258
120.0,105.86656
122.5,117.30596
240.4,227.12845
142.5,134.55501
158.76,178.37335
163.29,190.48125
182.5,169.40121
222.5,270.47998
100.0,114.20725
142.5,137.01047
175.0,196.46408
145.0,141.92133
233.6,240.53352
111.13,154.38481
265.0,239.58183
82.5,92.903496
112.5,118.6574
242.67,215.74763
227.5,220.09998
260.0,218.3375
182.5,214.69412
110.0,123.96448
197.5,245.08945
140.0,132.29297
310.0,279.06137
249.48,248.58716
140.0,162.32985
205.0,202.66704
163.29,166.82234
110.0,123.10602
220.0,214.07635
157.5,149.81346
161.03,169.36682
220.0,231.09518
235.0,233.24654
145.0,141.63295
215.0,227.4472
200.0,209.69011
136.08,151.40697
140.0,158.0834
280.0,201.56514
150.0,185.57007
220.0,216.40259
167.5,146.73863
220.0,218.23224
199.58,192.30112
185.0,176.19017
170.0,175.95424
102.5,118.92377
200.0,226.36545
150.0,145.64973
230.0,230.17783
137.5,111.90421
275.0,253.51183
215.0,216.71404
272.5,226.60597
197.5,222.3469
340.0,299.3839
163.29,204.76393
112.5,119.60657
130.0,137.10248
190.0,195.02255
267.5,253.82475
231.33,208.23682
262.5,262.6626
205.0,170.72557
325.0,316.53522
230.0,233.10022
127.5,123.144745
205.0,209.93549
287.5,278.41718
240.0,232.69217
140.0,134.06343
137.5,141.88222
272.5,257.2215
226.8,220.65518
195.04,161.2223
258.55,260.98468
102.5,117.21106
232.5,216.9127
250.0,268.75824
131.54,134.05518
257.5,263.7668
220.0,209.29594
155.0,152.0108
157.5,177.44807
232.5,229.78706
302.5,274.3966
222.5,222.10292
105.0,107.70533
327.5,307.4787
352.5,306.81564
156.49,171.60309
190.0,168.14204
120.0,123.52403
138.35,141.96257
300.0,294.65628
242.5,220.66365
165.56,166.52032
272.5,256.7054
105.0,112.84852
142.9,154.8699
165.0,153.02425
272.5,230.75299
227.5,250.51062
222.5,227.463
167.5,193.08304
232.5,214.05757
297.5,282.71762
200.0,190.56035
107.5,101.95596
247.5,239.66432
124.74,157.70557
177.5,187.28061
195.0,173.11926
235.0,227.75543
106.59,116.515854
204.12,204.17058
212.5,214.19069
70.0,89.55747
120.0,116.1327
270.0,279.43658
200.0,193.27048
117.5,131.83766
170.0,202.25719
237.5,232.11504
262.5,255.58922
142.88,139.88928
95.0,98.50427
229.06,222.68947
136.08,149.91216
138.35,146.12878
227.5,240.979
280.0,246.23131
199.58,182.37752
277.5,250.13252
190.0,209.80617
137.5,151.73442
195.5,186.93109
125.0,116.959274
158.76,157.92406
237.5,239.13232
192.78,201.46248
277.5,283.75705
182.5,167.03578
130.0,149.77087
295.0,322.86975
190.51,188.88863
130.0,130.08226
170.0,187.94376
325.0,310.01843
230.0,231.84204
140.0,155.34378
130.0,144.74779
161.03,155.68591
175.0,195.57173
200.0,222.5984
272.16,225.0854
140.0,150.49596
312.5,273.66977
257.5,244.40675
147.42,145.4471
240.0,245.0349
197.31,182.24796
170.5,176.85994
247.5,217.44481
170.0,149.63719
230.0,274.8715
135.0,140.43712
240.0,207.27289
154.22,162.31906
183.7,197.09647
135.0,123.006676
188.24,184.25742
260.0,233.8631
185.0,172.73816
275.0,240.16878
275.0,261.62418
240.0,241.91164
240.0,240.38016
187.5,184.63507
263.08,246.33815
122.5,127.1597
176.9,191.83324
285.0,280.69406
317.5,310.2418
163.29,163.28566
300.0,261.99512
142.5,153.50777
265.35,274.12152
172.0,168.1382
115.0,124.86387
215.0,200.86168
174.63,183.7693
230.0,251.1496
305.0,271.2039
249.48,238.99411
227.5,208.18913
252.5,258.67136
367.41,329.05313
190.0,200.6652
240.0,221.80923
255.0,262.81345
122.5,119.131454
72.57,85.552345
275.0,245.50246
179.17,172.2865
110.0,115.43057
213.19,210.58624
132.5,132.75624
170.0,185.50789
270.0,263.8991
205.0,210.96611
140.0,133.6561
137.5,133.8386
197.31,203.65646
162.5,149.10963
250.0,242.29558
215.0,234.26845
204.12,192.54602
185.0,184.26802
167.8,166.45038
174.63,213.11397
152.5,153.90776
250.0,248.76445
190.51,188.28955
235.0,242.52573
188.24,187.16792
200.0,220.456
124.74,137.26083
251.74,246.39178
152.5,139.61809
204.12,198.57372
320.0,286.5782
138.35,153.13242
260.0,250.12099
172.37,193.25774
165.0,175.97418
140.61,135.03047
287.5,283.1161
165.0,152.59933
135.0,147.29196
200.0,217.34528
140.0,151.02475
157.5,162.95558
136.08,117.55281
205.0,204.5484
250.0,270.03848
130.0,135.85234
263.08,285.0551
162.5,162.36505
272.5,249.23744
170.0,163.42516
140.0,122.17207
192.78,180.22354
272.16,263.85754
240.0,249.97276
120.0,133.9775
199.58,215.28778
165.0,175.40674
195.0,217.88771
138.35,134.91707
204.12,239.09508
315.0,289.7314
265.0,250.25967
212.5,221.73122
210.0,222.66164
115.67,117.070114
240.0,233.90582
115.0,120.14554
124.74,124.078
226.8,231.51309
147.5,117.73356
294.84,318.08145
149.69,162.68361
272.5,249.90579
360.0,322.6645
188.24,205.61769
290.0,250.12755
130.0,135.07228
205.0,235.2866
227.5,243.85207
219.99,205.46161
227.5,245.1661
100.0,98.05976
200.0,195.95877
299.37,269.2285
190.0,196.29623
255.0,278.12665
192.78,170.10457
308.44,284.5303
305.0,264.3015
140.0,114.96947
245.0,238.98232
192.78,186.08707
327.5,311.73642
158.76,160.23703
192.78,204.80661
155.0,151.17354
310.0,294.213
235.0,240.18353
197.5,195.10901
105.0,125.98285
282.5,275.81433
142.88,148.69589
222.5,198.97942
154.22,160.24384
190.0,183.06763
200.0,198.69157
106.59,121.47923
225.0,196.48409
200.0,218.36809
127.5,118.67779
149.69,138.50119
167.83,180.20985
217.5,170.4066
172.37,171.76505
162.5,183.71376
127.5,137.3186
275.0,249.72679
115.67,138.26926
292.57,251.72836
220.0,234.63908
157.5,183.19435
225.0,212.6493
130.0,121.882355
140.0,134.3394
97.52,116.81615
272.5,227.9897
252.5,243.70569
102.5,122.26324
225.0,270.98178
160.0,185.27853
129.27,161.24617
277.5,236.48167
182.5,204.70581
158.76,177.77046
160.0,144.20906
90.0,107.0254
208.65,201.98988
200.0,215.57501
250.0,256.75714
240.0,240.54489
107.5,108.0086
182.5,157.0759
62.5,79.60645
230.0,210.41447
220.0,222.14795
280.0,269.45743
277.5,250.21213
282.5,235.8627
215.0,249.62144
149.69,141.44681
215.0,210.65097
137.5,121.943115
142.5,136.52734
180.0,217.84344
229.06,242.81085
200.0,180.781
235.87,227.5344
145.0,161.77779
290.3,252.4952
67.5,85.53933
312.5,297.0156
190.0,171.45338
272.5,249.70197
165.0,200.28484
200.0,197.67877
185.0,146.34886
145.15,163.40283
125.0,143.77101
160.0,168.41586
124.74,111.09092
200.0,195.83893
237.5,220.15863
142.88,159.48164
195.04,216.6751
145.0,169.03987
215.0,226.06696
115.0,113.82066
88.45,70.38128
220.0,225.34113
275.0,263.50638
181.44,180.52527
195.04,203.0837
275.0,240.01695
225.0,227.11343
167.5,167.56554
163.29,174.13565
275.0,264.47357
230.0,203.32744
155.0,153.3048
158.76,150.2188
260.82,236.53917
149.69,140.51497
245.0,246.70363
220.0,224.00868
110.0,93.636795
120.0,107.88745
292.5,286.463
233.6,224.8078
136.08,128.10983
232.5,218.48872
275.0,277.40628
117.5,121.96309
202.5,229.72453
190.0,207.8452
197.5,179.06659
65.0,207.19623
140.0,147.95549
150.0,155.95833
206.38,207.12976
180.0,203.69893
120.0,119.68623
225.0,200.2864
130.0,119.742134
230.0,243.47856
300.0,275.83826
152.5,151.09122
255.0,231.13919
230.0,203.68593
183.7,194.93199
240.0,243.78769
226.8,220.10635
157.5,159.70972
170.0,159.06715
300.0,295.6466
120.0,124.68979
177.5,189.41798
190.0,174.11432
187.5,187.6788
235.87,228.72282
282.5,261.03574
227.5,256.84204
158.76,159.4754
156.49,170.56926
200.0,208.01518
215.0,196.33064
102.5,107.11938
106.59,147.54214
107.5,100.215904
202.5,195.42773
124.74,132.49898
115.0,115.09589
217.5,247.15038
152.5,153.83955
182.5,196.23225
275.0,282.73923
219.99,187.32106
160.0,165.66534
225.5,216.75511
147.5,127.50631
197.31,223.80824
213.19,214.58217
307.5,280.67218
192.5,177.12613
104.33,104.90763
229.06,226.4004
179.17,195.84401
270.0,265.46558
185.0,227.20963
240.0,215.68794
295.0,264.7847
302.5,298.87527
195.0,197.83197
125.0,125.99399
207.5,228.72453
175.0,161.34258
232.5,265.14435
162.5,164.19206
205.0,209.79962
142.5,139.04572
192.78,199.16728
202.5,206.247
117.5,103.05457
250.0,239.76978
320.0,285.43936
125.0,146.53722
285.0,270.48547
205.0,223.29405
102.5,115.38503
260.0,262.54446
275.0,237.39046
280.0,265.8651
140.61,135.71904
205.0,174.95847
137.5,139.05449
270.0,304.8625
183.7,209.09903
165.0,164.1062
149.69,208.30688
187.5,207.43303
165.56,154.00311
136.08,119.62338
197.5,201.20805
300.0,290.13043
92.99,117.45205
142.5,141.2682
158.76,184.20398
170.0,156.26363
247.5,241.993
135.0,150.63254
201.85,209.02827
183.7,166.18076
195.0,204.65651
122.5,121.28436
252.5,253.91005
215.0,211.04488
204.12,183.75146
157.5,166.59041
170.0,147.65996
315.0,303.47235
345.0,306.8064
80.0,72.43191
170.0,208.64342
127.5,143.1012
220.0,248.54639
201.85,191.6109
165.56,145.12448
192.78,175.72266
215.0,217.46532
272.5,245.21945
133.81,158.46278
185.97,159.20813
275.0,281.6197
226.8,238.46349
104.33,126.5701
122.5,158.62239
272.5,269.89215
142.5,145.01852
197.5,163.17354
142.5,127.88614
105.0,115.87847
137.5,121.79233
174.63,190.7928
280.0,271.56253
185.97,195.02386
75.0,90.023056
226.8,225.85358
215.0,254.75372
300.0,265.8817
227.5,278.86786
188.24,246.57912
183.7,194.9487
147.5,141.49255
124.74,131.65475
215.0,198.49068
255.0,232.90651
201.85,196.40508
235.0,232.46478
205.0,205.45891
185.0,154.08228
227.5,205.25871
130.0,107.41307
182.5,190.71652
155.0,139.51027
222.5,212.45288
150.0,132.3272
177.5,153.77708
250.0,248.21298
136.08,134.76186
202.5,213.82904
217.72,236.12207
245.0,205.0133
265.0,275.46594
195.0,209.4526
263.08,265.81976
151.95,160.02696
125.0,142.84576
237.5,230.5638
238.14,292.9257
262.5,259.72534
113.4,128.35405
195.0,178.11237
204.12,215.86932
220.0,215.69801
137.5,135.92815
190.51,224.09406
232.5,249.28882
181.44,169.93155
160.0,158.7379
252.5,260.61374
108.86,133.96848
80.0,99.82857
127.01,153.42972
272.16,269.7023
212.5,205.96008
192.5,173.79399
200.0,202.50664
192.5,181.31583
280.0,263.96362
210.0,224.85094
260.0,230.92714
183.0,150.36139
147.42,136.75357
247.5,265.7463
222.5,252.53185
158.76,168.28528
151.95,167.38525
200.0,196.3815
100.0,181.28699
174.63,178.67409
250.0,280.6295
181.44,178.00832
102.5,116.14097
287.5,291.30746
125.0,129.6771
204.12,216.5357
205.0,223.8003
161.03,179.01746
147.42,165.13274
235.0,186.2982
117.5,127.534485
142.5,149.23839
265.0,242.63275
145.0,126.03553
213.19,173.60088
270.0,245.12282
110.0,122.0437
208.65,200.209
240.0,237.54655
240.0,252.52118
183.7,192.81499
183.7,165.62425
278.96,269.5395
255.0,266.43814
287.5,314.36124
231.33,254.11067
238.14,254.66656
170.0,215.32304
177.5,201.61484
235.0,228.8076
182.5,164.19861
120.0,114.53681
145.0,143.69908
125.0,136.66626
190.0,199.89941
181.44,181.5653
255.0,263.3761
145.0,129.38176
132.5,143.69327
227.5,238.75427
224.53,253.288
200.0,199.78421
280.0,269.2553
102.06,120.96194
254.0,252.40392
207.5,209.73074
135.0,134.12317
197.3,203.89502
220.0,247.47144
190.0,195.65631
235.0,257.99503
162.5,145.19527
185.97,194.14589
140.0,152.26102
117.93,139.13686
255.0,249.92899
300.0,271.131
104.33,116.81615
90.0,92.70946
112.5,128.17235
113.4,105.048355
182.5,201.90997
195.04,184.01895
229.06,201.32867
115.67,132.11482
149.69,149.27625
257.5,269.6205
277.5,276.07678
177.5,171.80011
200.0,207.62994
150.0,254.70332
287.5,266.42624
175.0,164.40948
207.5,200.14304
142.5,163.29546
287.5,280.89215
192.78,181.98985
117.93,106.709885
222.5,216.13528
215.0,200.52802
202.5,236.75313
202.5,219.31837
247.5,267.77652
262.5,263.90253
205.0,221.73088
272.16,228.89758
276.69,280.81375
147.42,135.22916
242.5,249.92941
233.6,237.5649
235.0,224.16519
322.5,304.8876
130.0,139.34239
183.7,180.11688
145.0,211.09248
215.0,230.23096
129.27,138.66002
192.5,185.28639
82.5,77.40642
110.0,124.213356
170.0,163.71135
161.03,177.08498
295.0,264.59628
124.74,116.302055
227.5,213.23161
167.5,169.95851
206.38,201.86362
110.0,121.086075
162.5,207.71027
165.0,192.0917
215.0,190.63293
240.0,241.10757
260.0,265.39603
102.06,108.60424
170.0,176.43155
219.99,203.76013
115.0,124.75447
137.5,134.99742
185.0,200.79123
149.69,168.84477
245.0,257.79895
185.0,176.83539
120.2,114.214645
205.0,194.60007
308.44,287.72974
200.0,217.22205
320.0,323.3577
110.0,115.501686
213.19,221.3411
195.0,196.35756
124.74,124.52672
272.5,266.7204
215.0,213.52939
138.35,134.736
172.37,165.99684
235.0,257.1423
92.5,117.15312
182.5,187.73894
156.49,163.17863
220.0,217.3358
145.15,146.56972
110.0,107.66945
197.31,210.46526
130.0,119.05647
132.5,136.36388
255.0,200.72964
127.5,132.49916
195.04,224.33713
172.37,154.19516
135.0,136.29445
260.82,272.6068
180.0,180.94667
207.5,192.43463
256.28,282.39578
136.08,127.70883
197.5,208.76001
240.0,238.94481
70.0,91.723854
202.5,193.92276
250.0,246.46432
215.0,259.43967
240.0,241.42403
170.1,205.20573
305.0,272.54388
227.5,237.33572
145.0,153.9233
232.5,213.72731
240.0,250.99747
100.0,116.0823
213.19,217.46289
245.0,234.16093
97.5,104.1867
180.0,205.67834
280.0,263.2045
180.0,191.64813
255.0,243.06717
290.0,298.63367
249.48,270.24753
142.5,135.32028
137.5,120.88328
217.72,221.20535
235.87,238.78212
215.46,207.96054
226.8,232.08772
200.0,202.68796
244.94,260.78214
82.5,95.958046
201.85,202.94681
192.5,190.36685
185.0,187.33224
227.5,242.71588
180.0,145.23912
287.5,269.26413
181.44,178.21371
222.26,216.34505
151.95,163.4533
265.0,291.4439
85.0,102.641304
220.0,204.90295
199.58,201.99004
187.5,173.10767
200.0,233.10098
147.42,167.17953
172.37,163.48024
247.5,242.5561
245.0,248.02249
181.44,212.28952
295.0,275.54196
205.0,212.48715
204.12,188.24564
240.0,204.1997
327.5,311.6289
137.5,119.679245
212.5,218.0901
124.74,134.93971
274.42,209.16264
240.0,238.1975
180.0,164.62852
142.88,125.5663
136.08,134.54128
192.5,214.08653
182.5,158.5079
272.5,292.34503
237.5,201.82115
142.88,147.55373
280.0,241.85042
90.0,99.43068
172.37,184.5061
235.0,257.7764
161.03,158.66643
145.0,147.09091
257.5,247.177
272.5,253.98062
242.5,227.4462
280.0,290.55557
138.35,147.78444
165.0,177.33897
265.35,221.45375
340.0,289.72125
226.8,285.54477
172.37,178.4341
100.0,104.19489
255.0,281.3219
238.14,231.95665
240.4,216.77487
120.0,119.703125
285.0,295.17004
226.8,261.87943
115.0,134.95006
172.37,173.42293
150.0,133.47037
170.0,166.97255
217.5,215.1527
222.26,220.74458
205.0,202.866
90.0,110.78827
72.6,78.72486
272.16,263.717
207.5,219.98352
92.5,102.251884
226.8,206.08458
137.5,132.61145
222.5,205.21043
182.5,167.37024
262.5,269.90353
152.5,155.03505
195.0,174.77304
240.0,222.03609
132.5,151.15137
227.5,263.3013
231.33,248.26596
192.5,203.71417
277.5,278.91394
245.0,272.92377
124.74,130.32536
113.4,110.08972
262.5,255.21661
270.0,256.2608
117.5,122.08696
229.06,212.18484
188.24,175.62354
199.58,166.45699
182.5,187.15079
185.97,174.46078
254.01,275.19843
195.04,234.34569
226.8,183.15373
215.0,220.45679
150.0,160.07567
54.43,100.82118
132.5,128.55917
204.12,196.52975
247.5,230.76936
207.5,174.12135
217.5,225.66273
155.0,157.8176
290.0,288.71317
129.27,148.69907
265.0,240.02812
180.0,171.8212
258.55,229.96236
230.0,204.78424
362.5,320.83463
210.0,194.6178
140.0,136.2943
205.0,217.38994
190.0,216.8805
215.0,220.5827
204.12,191.49849
192.5,205.54128
157.5,214.78833
245.0,229.43898
160.0,156.18684
125.0,113.61699
156.49,166.96182
122.47,131.68098
232.5,236.07074
120.2,131.014
140.0,118.00103
107.5,122.95203
165.0,189.32568
95.0,111.91953
155.0,163.93445
277.5,285.3975
322.5,278.6239
225.0,220.05757
112.5,114.91127
212.5,190.37279
240.0,233.62598
217.72,237.81116
235.0,235.33232
231.33,221.56114
226.8,234.72908
205.0,207.71027
165.0,161.97153
227.5,210.88751
210.0,218.66924
106.59,112.13987
110.0,100.62531
280.0,266.60498
140.0,156.78613
182.5,180.60779
105.0,98.65407
232.5,195.22203
290.0,287.45654
122.5,149.6518
282.5,219.67459
245.0,252.7536
204.12,185.81302
200.0,210.75897
245.0,235.78241
240.0,249.1323
175.0,158.19589
110.0,117.11363
130.0,123.182045
147.5,166.73734
320.0,290.73615
295.0,273.2441
257.5,255.5216
130.0,143.55533
165.56,163.62657
300.0,264.9484
130.0,143.20142
288.03,266.21533
152.5,141.28592
240.4,229.12099
227.5,193.47237
137.5,105.57707
208.65,212.5758
142.5,127.9713
175.0,178.57999
80.0,74.13378
200.0,166.76993
230.0,221.77263
110.0,118.29603
245.0,240.7968
185.97,187.61855
260.0,241.90353
120.0,142.99057
190.0,187.73196
122.5,130.03813
185.0,201.96552
290.0,260.37115
227.5,237.20908
160.0,144.19255
170.0,164.0871
165.56,166.21692
136.08,128.67569
272.16,273.73636
257.5,284.67316
160.0,163.12473
122.5,125.236725
124.74,109.90466
197.31,201.66524
340.0,358.7269
200.0,209.3462
111.13,188.60849
110.0,125.102425
142.5,129.85855
275.0,269.18796
195.0,210.56781
155.0,202.03757
161.03,180.93105
140.0,141.33023
300.0,303.42407
233.6,228.0004
204.12,215.11917
162.5,173.85362
125.0,123.435646
140.0,126.648735
165.56,164.15817
217.72,213.51807
115.0,123.40728
282.5,300.9657
122.5,134.84853
219.99,207.83337
192.5,199.91454
158.76,134.4399
220.0,204.69522
210.0,220.17879
206.38,201.7205
310.0,254.7734
187.5,171.83415
200.0,181.38348
292.57,291.69043
215.0,222.2054
129.27,126.372826
240.0,222.1371
220.0,189.81615
195.0,222.9614
167.5,186.45653
160.0,155.10979
230.0,247.7882
112.5,98.4852
260.0,258.1146
152.5,145.62692
205.0,221.16806
205.0,209.0819
170.0,197.77527
185.97,183.15529
192.5,215.68771
229.06,214.05252
280.0,271.38907
80.0,99.96392
231.33,213.1949
174.63,159.97894
147.42,158.0148
190.0,193.36295
175.0,183.9171
206.38,202.6608
226.8,213.2401
307.42,281.0428
265.0,161.87004
135.0,96.21377
185.0,196.9228
149.69,164.23929
192.8,223.97789
202.5,194.80086
235.0,266.96802
181.44,186.54016
244.94,268.90112
165.6,174.09003
230.0,235.44449
133.0,123.94623
265.0,239.13281
142.5,141.20032
262.5,244.51079
136.08,134.57698
263.08,239.35016
102.5,109.661224
197.5,218.47142
115.0,119.27683
235.0,228.72173
252.5,269.29602
122.5,130.11887
165.0,186.41776
120.0,131.75809
150.0,202.94783
122.5,124.124435
155.0,154.2548
217.72,196.24583
155.0,132.2712
130.0,157.28242
90.0,93.487144
154.22,166.17201
100.0,108.05401
182.5,191.6832
260.82,235.72876
170.0,146.82587
208.65,177.96347
230.0,232.92451
150.0,158.5439
180.0,170.41441
140.0,131.63379
225.0,246.48256
188.24,181.89621
265.35,253.0714
185.0,214.17862
147.5,143.57542
267.5,248.02501
222.26,224.56926
180.0,150.53566
233.6,205.83324
197.5,185.46635
299.37,299.25177
220.0,236.01259
152.5,148.05795
175.0,186.75394
142.88,158.93216
245.0,269.08017
272.5,263.03757
215.0,185.65161
135.0,164.73103
205.0,214.14505
174.63,189.2406
192.78,177.55704
226.8,267.39035
156.49,155.4351
219.99,230.95155
174.63,149.81929
208.65,215.56569
130.0,135.86841
204.12,208.16698
90.0,82.24954
145.15,163.67851
226.8,188.80222
124.74,145.62381
102.5,119.18944
174.63,182.86847
120.0,115.942955
225.0,222.28487
195.04,217.44412
157.5,168.14386
185.0,195.7121
122.5,105.37638
210.0,218.0821
122.5,125.97661
181.44,182.75177
125.0,142.37044
125.0,110.33967
183.7,200.72293
115.0,120.70189
192.5,154.66774
200.0,195.41376
220.0,233.22963
182.5,209.02211
235.0,261.8035
125.0,122.60258
181.44,163.41946
170.0,182.27493
150.0,144.03764
150.0,129.18217
200.0,208.74055
92.5,115.964455
226.0,219.57095
195.04,202.57379
250.0,261.1729
245.0,261.1463
215.0,224.78633
125.0,122.81157
150.0,147.69803
190.51,177.56403
210.92,228.67128
260.0,244.7314
219.99,214.62198
225.0,207.24113
147.5,168.1634
151.95,157.54541
86.18,94.90918
204.0,185.20126
275.0,266.51404
142.5,148.44287
152.5,155.09335
227.5,253.56778
170.1,163.31
250.0,270.15897
190.0,179.17673
275.0,281.41937
201.85,219.08421
127.5,135.61304
202.5,197.13692
195.0,149.73212
204.1,221.07544
187.5,195.19855
317.51,282.5096
117.93,109.4081
290.0,241.78719
245.0,241.10703
197.31,189.69066
125.0,143.8026
182.5,163.4893
247.2,234.84225
185.0,187.77916
115.0,135.2333
136.08,174.29266
160.0,139.8424
170.0,152.33635
90.0,107.90283
240.0,277.61792
290.0,283.64606
125.0,117.653076
204.12,207.82692
147.42,137.00584
187.5,186.97218
156.49,170.32768
127.5,122.08061
112.5,132.28633
395.0,335.39417
240.0,253.43498
62.5,68.64736
170.1,172.22128
150.0,180.64568
265.0,272.8348
157.5,148.6009
160.0,148.19214
150.0,136.20284
210.0,208.19153
115.0,126.70966
142.5,134.07004
142.88,179.35863
249.48,220.6465
117.93,110.86571
245.0,248.0662
180.0,195.81474
200.0,213.29828
207.5,212.38196
195.0,197.58151
275.0,288.27206
150.0,174.80249
205.0,232.28502
217.7,231.64447
182.5,221.2478
205.0,213.98297
287.5,267.25775
90.0,98.2527
280.0,288.99643
210.0,194.60738
317.51,308.62558
206.38,199.16502
226.8,219.5582
149.69,148.33331
220.0,219.68741
260.0,286.9506
197.5,233.53812
232.5,220.22194
225.0,262.94714
260.0,224.11592
182.5,195.47934
130.0,146.44664
140.0,143.63242
260.0,169.50858
300.0,294.30173
185.0,185.65837
105.0,121.499115
212.5,198.4257
290.5,254.11378
207.5,228.43753
227.5,224.42046
305.0,292.95673
220.0,240.2067
165.0,182.29189
97.5,130.92899
190.0,199.40793
227.5,204.51357
192.5,221.89125
97.52,111.01837
306.17,252.90099
227.5,195.55003
172.37,178.82898
250.0,248.26543
320.0,343.8089
210.0,236.85594
160.0,154.39403
140.0,222.51234
210.0,242.37106
204.12,197.52765
210.0,232.07933
225.0,229.89957
227.5,225.15363
85.0,108.28459
232.5,241.6019
197.31,206.61919
142.88,124.579544
240.0,241.20905
212.5,210.30673
185.97,212.64015
147.5,169.69661
288.03,257.52118
95.0,98.88642
272.7,236.04396
288.03,268.9333
267.5,282.04013
117.5,121.87323
229.06,228.24269
355.0,355.92
174.63,195.50446
147.5,139.47867
310.0,314.60544
200.0,226.27072
226.8,242.5694
270.0,264.24664
238.14,258.1064
295.0,293.02213
160.0,165.81824
185.0,167.43095
260.0,297.14722
213.19,217.47809
162.5,149.09218
215.0,222.99295
115.0,123.9927
227.5,225.76886
135.0,138.90698
165.0,150.6814
305.0,290.36664
170.1,177.62813
132.5,124.36975
125.0,128.68204
267.5,287.7887
131.54,146.01634
142.5,143.60957
210.0,265.65915
181.44,176.79016
165.0,191.04358
231.33,223.42612
300.0,291.22504
110.0,110.75504
265.0,262.83597
240.0,225.95499
147.5,152.79204
227.5,232.69763
136.08,117.83615
265.35,248.08435
257.5,264.90674
122.5,133.8585
245.0,210.05412
217.5,242.18571
165.56,161.79623
225.0,256.3635
182.5,175.58351
100.0,123.96704
215.0,233.38911
237.5,230.58937
315.0,291.99493
276.5,263.7524
207.5,235.78276
117.5,117.636086
155.0,154.0563
132.5,119.08463
182.5,171.82317
160.0,152.64627
183.7,191.61641
155.0,151.948
226.8,222.34592
170.0,171.13177
102.06,121.916565
226.8,224.35399
145.0,140.38188
192.5,194.10478
165.0,151.9174
332.5,326.99112
237.5,255.38838
217.5,236.51216
265.35,258.39368
265.0,250.63385
222.26,240.91388
136.08,148.98097
220.0,202.85054
122.5,134.55501
142.88,175.96132
155.0,145.48628
247.2,230.94258
257.5,270.508
140.0,132.0171
185.0,185.61993
165.56,166.9838
160.0,177.8447
272.5,257.55743
272.16,261.45743
113.4,122.57399
195.0,214.68578
205.0,226.5787
172.37,174.95319
132.5,137.25249
225.0,220.29517
300.0,289.74628
97.52,116.37149
212.5,217.3524
179.17,178.2012
242.5,213.8787
225.0,219.13095
227.5,208.84958
312.5,209.49496
215.46,203.74963
140.0,130.12732
260.0,229.78374
280.0,282.4323
280.0,264.085
182.5,181.99043
232.5,227.36133
285.76,296.93085
42.5,69.46059
130.0,140.913
262.5,260.99875
257.5,232.78368
188.24,170.3072
180.0,186.15443
190.0,156.75508
185.0,168.3733
154.22,184.90108
257.5,281.2456
245.0,261.7658
330.0,340.45483
224.53,245.36125
272.5,227.64417
227.5,237.82123
92.5,61.323765
208.65,231.12367
204.12,218.03465
272.5,227.98451
240.0,221.51082
165.56,164.43077
132.5,128.48964
179.2,197.36246
185.97,200.02141
156.49,148.14235
283.5,254.61801
295.0,278.89667
272.5,267.95053
277.5,301.1381
255.0,245.99794
254.92,268.88556
170.1,164.37999
149.69,152.65654
142.5,146.68646
170.0,158.7961
110.0,119.91392
242.5,218.06659
180.0,172.55318
207.5,208.97324
260.0,267.6759
240.4,210.35204
182.5,255.4113
305.0,336.54858
125.0,129.84483
145.0,152.71712
285.0,267.45746
225.0,241.94408
110.0,90.06109
220.0,241.03487
127.5,151.22372
165.56,180.35843
145.0,149.93895
125.0,144.9431
142.88,155.36848
290.3,274.42303
112.5,132.2288
200.0,220.59438
202.5,194.42664
230.0,262.27682
100.0,106.677246
112.5,143.73851
130.0,109.36709
180.0,190.79303
161.03,155.66467
154.2,163.87424
83.91,96.92234
125.0,142.27573
272.16,262.3022
225.0,212.94183
127.5,128.4752
215.0,226.21632
187.5,183.01083
183.7,182.88884
137.5,151.38788
317.5,291.46213
230.0,206.94962
145.0,164.79057
207.5,190.14334
272.5,261.99512
138.0,116.70161
224.53,221.87071
242.5,227.97961
187.5,176.81511
176.9,185.01459
188.24,208.81232
227.5,242.366
190.0,213.2903
285.0,267.12695
252.5,249.53575
230.0,218.34644
147.42,177.59242
250.0,218.6762
235.0,229.77557
245.0,260.33072
280.0,283.28574
240.0,216.82916
201.85,224.72049
192.78,175.08739
208.65,208.04329
167.5,187.45564
265.0,252.04669
215.0,199.4967
160.0,170.36745
125.0,125.91088
213.19,201.34126
176.9,182.48282
97.5,109.98846
105.0,114.55104
200.0,155.06352
245.0,241.88756
145.0,122.376366
212.5,218.95245
179.17,176.04478
288.03,302.01505
227.5,216.68192
225.0,202.96745
97.5,104.31831
151.95,194.2624
295.0,293.4691
207.5,201.10872
210.92,214.67308
155.0,150.08514
104.33,122.34974
183.7,202.10466
215.46,199.07515
237.5,218.6384
117.5,145.941
308.44,287.47906
226.8,193.1756
160.0,173.62338
215.0,234.73532
204.12,178.84561
181.44,174.4853
92.99,137.01442
210.92,200.48605
165.0,158.22588
130.0,127.89167
188.24,196.50574
263.08,285.1067
215.0,211.56253
125.0,140.39182
195.0,205.04988
200.0,211.50471
294.84,295.38153
120.0,113.07021
249.48,247.53674
165.0,172.54588
167.5,196.81728
226.8,237.72081
120.2,120.25885
160.0,172.95174
137.5,163.51265
100.0,105.85795
122.5,80.33614
142.5,148.15245
122.47,97.868866
105.0,119.42005
195.0,194.42271
247.5,240.79643
145.0,108.0806
142.5,144.76656
185.0,165.38602
122.5,123.82352
117.93,123.53122
217.5,230.77313
137.5,110.77307
165.0,175.07948
140.0,144.77727
145.0,139.8996
225.0,228.09962
215.0,229.7245
151.95,167.15997
220.0,211.72252
290.5,280.879
129.27,163.51997
282.5,248.49492
249.48,242.53606
252.5,231.50948
138.35,142.15599
220.0,222.34111
137.5,126.27728
230.0,179.89568
205.0,209.28053
237.5,236.39224
138.35,129.48315
208.65,234.3958
160.0,165.21394
132.5,144.90128
27.5,72.18637
290.0,262.88318
167.5,142.47432
130.0,129.93037
195.0,211.11873
220.0,206.7629
230.0,203.44952
231.33,207.85962
290.0,282.16888
265.0,241.4436
204.12,194.41022
137.5,140.63345
133.81,143.07944
245.0,242.0874
132.5,146.4469
187.5,211.51141
170.0,176.07973
156.49,199.91093
115.0,107.11938
142.88,129.05765
145.15,152.42133
140.0,162.00482
230.0,217.63484
170.0,164.38547
110.0,110.395256
225.0,219.24998
110.0,112.491905
192.78,236.28082
60.0,103.80507
120.0,134.03477
180.0,192.35834
85.0,109.705956
165.56,173.67969
320.0,292.80267
160.0,149.02896
165.0,166.22664
167.83,169.2684
165.0,168.37119
110.0,104.82141
117.93,125.78194
135.0,140.01697
181.44,186.8919
217.5,186.364
229.1,229.53925
80.0,80.069595
250.0,281.03458
177.5,176.04395
152.5,154.52908
282.5,278.831
317.5,272.26138
160.0,156.10887
181.44,175.42598
240.0,215.54863
122.5,134.6795
147.5,147.49072
147.42,150.70262
226.8,149.4301
114.99,118.87141
85.0,102.17231
112.5,113.28975
200.0,210.0917
97.52,119.50782
133.81,148.69426
258.55,267.25897
115.0,105.00689
145.15,145.17476
132.5,124.6859
226.8,224.11768
124.74,131.87949
112.5,108.88131
155.0,175.9338
230.0,297.21323
115.0,118.77252
195.04,211.97295
137.5,131.41609
265.0,269.41278
197.5,218.76642
137.5,147.17056
113.4,119.311554
82.5,85.25275
112.5,149.77249
137.5,138.34218
104.33,129.54887
283.5,273.22684
129.27,131.38348
235.0,242.40868
204.12,203.0546
335.0,321.56146
292.57,305.0573
190.0,201.73729
245.0,208.85295
265.0,272.23236
182.5,175.60376
167.83,185.58601
270.0,267.46542
207.5,196.83817
250.0,225.24976
202.5,197.89226
210.0,219.82713
157.5,165.19327
156.49,149.84335
195.0,218.75435
190.0,170.2745
167.5,193.71019
250.0,242.39592
210.0,238.37871
185.97,172.08217
104.33,114.30819
108.86,110.19896
132.5,131.94353
240.0,245.9889
100.0,100.308014
70.31,71.21736
319.78,294.53162
250.0,240.39383
287.5,264.64447
192.78,223.54482
195.0,192.23424
195.04,212.89442
282.5,255.63416
181.44,178.31456
140.0,116.103035
151.95,160.21597
267.5,246.38086
197.5,217.70175
242.5,264.80957
130.0,122.50313
125.0,120.00914
145.15,127.21893
250.0,238.32928
238.14,232.40268
170.0,185.48763
290.0,276.53232
183.7,209.05844
158.76,137.91397
150.0,166.74928
210.92,203.88661
275.0,262.2032
62.5,107.91944
183.7,188.56096
254.01,229.68407
172.37,166.8844
190.51,176.18394
132.5,130.27974
162.5,143.4484
155.0,145.95064
177.5,211.27934
100.0,159.87115
225.0,228.16664
210.0,232.80444
200.0,252.33687
256.28,237.35558
167.83,168.45746
225.0,207.3552
255.0,222.71272
135.0,150.87138
220.0,240.74136
215.0,225.57951
250.0,254.32611
250.0,222.96307
111.13,109.61766
174.63,168.35068
127.01,127.9324
280.0,298.5596
120.0,136.31378
297.5,275.19696
215.0,239.99811
110.0,124.06714
105.0,242.17863
215.0,241.6238
106.59,110.1623
260.82,215.9475
179.17,165.81543
130.0,148.50287
199.58,188.34395
147.5,160.60295
130.0,124.64021
101.0,93.42573
200.0,242.05959
217.5,166.66663
287.5,258.96588
250.0,251.17699
200.0,226.17216
192.5,221.2905
225.0,210.55397
157.5,179.86774
199.58,190.90535
272.5,273.45175
137.5,134.12735
187.5,178.35385
231.33,211.06793
300.0,246.96191
200.0,207.79364
327.5,294.5723
99.79,118.74463
235.0,192.91292
277.5,256.60562
190.51,167.70416
281.23,290.89233
210.0,194.47893
232.5,235.78336
200.0,202.98802
185.0,217.03792
131.5,131.29413
347.5,294.0497
226.8,193.27345
265.0,226.44508
90.0,106.72117
172.5,155.73303
230.0,221.19939
230.0,258.79517
154.22,159.12158
235.0,242.68086
235.87,205.15096
215.0,213.01442
155.0,137.60951
262.5,264.35928
175.0,159.6839
181.44,162.08711
174.63,177.98602
308.44,340.65848
142.5,157.33408
205.0,230.07451
272.5,246.84413
247.5,263.21948
145.0,152.483
290.3,260.72513
205.0,211.5534
215.0,187.24756
100.0,112.352615
167.5,165.6175
160.0,179.16035
90.0,93.143
181.44,177.09573
122.47,138.96016
174.63,164.09035
208.65,211.04546
129.27,121.74108
235.0,252.04489
283.5,248.60472
120.0,139.31017
320.0,297.8825
217.72,226.56252
235.0,237.4084
147.5,186.60312
190.0,183.87463
255.0,235.23505
330.0,289.91293
207.5,216.51857
165.0,147.41983
215.0,227.21854
92.5,131.64685
230.0,245.66525
227.5,191.46661
205.0,208.72542
135.0,145.48659
142.9,163.7584
280.0,255.07274
140.0,148.93895
192.78,179.70499
150.0,211.33035
205.0,204.94574
205.0,220.81291
185.97,202.21196
252.5,256.16168
250.0,246.5173
132.5,156.0979
274.42,257.9716
156.49,130.48045
107.5,109.429016
158.76,171.4842
147.5,152.93898
100.0,100.18115
270.0,281.2766
205.0,204.2249
212.5,204.2018
255.0,236.37163
185.97,225.10501
180.0,176.0488
172.5,169.67056
197.5,200.42006
202.5,191.65384
183.7,190.91835
107.5,106.34103
267.5,231.15527
87.5,101.447876
181.44,196.28163
206.38,203.85178
100.0,112.17478
276.69,272.22214
237.5,239.61676
87.5,114.352936
215.0,217.19756
265.0,261.65186
210.0,225.23956
158.76,188.35799
235.0,220.93826
275.0,233.6621
142.5,144.86203
219.99,231.88977
206.38,214.85306
142.88,155.6768
175.0,209.49458
220.0,218.92493
242.5,230.00601
226.8,231.28743
155.0,143.65405
167.83,204.75264
235.0,238.77542
225.0,205.61273
204.12,207.37872
213.19,231.7819
130.0,121.55971
250.0,256.33224
150.0,148.72282
195.0,212.10365
190.0,204.10684
242.67,255.39836
130.0,110.627
220.0,227.0128
300.0,276.81406
257.5,269.2474
263.08,259.45938
117.5,117.60089
132.5,120.62091
172.5,241.31398
335.0,295.70044
251.74,215.5568
122.5,126.40482
332.5,321.36356
145.15,141.06897
244.94,243.67142
213.19,208.745
220.0,238.01402
240.0,234.4676
175.0,176.92036
280.0,265.5065
200.0,180.46391
340.0,288.57834
210.0,169.5373
115.0,123.48645
220.0,197.6263
185.0,194.63971
240.4,240.77257
120.0,126.02168
240.0,246.48668
150.0,139.03963
204.12,197.52396
117.5,115.10763
240.0,258.87497
175.0,188.41283
230.0,218.98311
136.08,148.011
244.94,245.10675
142.5,134.35457
280.0,274.73477
210.0,202.11656
252.5,247.45427
235.87,237.88553
165.56,162.85442
174.63,164.4611
207.5,206.84993
215.0,210.05942
340.0,295.0621
230.0,243.51845
120.0,115.16797
190.0,209.0418
140.0,122.7827
317.5,307.91895
138.4,139.85063
172.5,157.68132
290.0,259.567
215.0,224.79454
197.5,208.77263
150.0,157.64117
199.58,212.20738
154.22,151.42284
176.9,170.00003
182.5,192.8448
210.0,185.05527
232.5,222.80583
202.5,204.9217
197.5,159.29733
250.0,302.3278
142.5,164.93324
210.92,235.0087
135.0,147.54251
188.24,202.00261
151.95,147.18596
